solver_name,run_id,reward_calculator_name,feature_constructor_used_features,acceptance_rate,avg_r2c_ratio,long_term_time_r2c_ratio,long_term_avg_time_revenue,success_count,early_rejection_count,place_failure_count,route_failure_count,total_cost,total_revenue,total_time_revenue,total_time_cost,long_term_r2c_ratio,total_simulation_time,long_term_avg_revenue,long_term_avg_cost,min_p_net_available_resource,min_p_net_node_available_resource,min_p_net_link_available_resource,max_inservice_count,total_violation,total_max_single_step_violation,avg_reward,seed,p_net_dataset_dir,v_nets_dataset_dir,start_run_time,clock_running_time
mcts,mcts_tree_seed_0,fixed_intermediate_0.1,[_status_aggr_degree_moretopo],0.48,0.2347029679103921,0.3937967352233624,1171.9400276214071,96,0,0,104,35809.0,13895.0,5431942.028025222,13793771.106162706,0.3880309419419699,4635.0,2.9978425026968716,7.725782092772384,7603,1763,5725,12,10400.0,-inf,0.0,0,dataset/p_net/16-tree_[0.5-0.2]-cpu_[50-100]-max_cpu_None-bw_[200-400]-max_bw_None-seed_0,dataset/v_nets/200-[2-10]-random-500-0.04-cpu_[0-20]-bw_[0-50]-seed_0,20251106T081631,92.93186211585999
mcts,mcts_tree_seed_1,fixed_intermediate_0.1,[_status_aggr_degree_moretopo],0.445,0.22457529297465365,0.4054112283704247,1120.6344438084873,89,0,0,111,30661.0,12031.0,5446283.396909248,13433972.756011022,0.3923877238185317,4860.0,2.475514403292181,6.3088477366255145,7255,1764,5448,11,11100.0,-inf,0.0,1,dataset/p_net/16-tree_[0.5-0.2]-cpu_[50-100]-max_cpu_None-bw_[200-400]-max_bw_None-seed_1,dataset/v_nets/200-[2-10]-random-500-0.04-cpu_[0-20]-bw_[0-50]-seed_1,20251106T081807,94.6169822216034
mcts,mcts_tree_seed_2,fixed_intermediate_0.1,[_status_aggr_degree_moretopo],0.43,0.22750024073322905,0.384254883598463,1241.7241534221039,86,0,0,114,30807.0,12144.0,6018636.971636938,15663137.226191424,0.39419612425747397,4847.0,2.5054672993604292,6.355890241386424,7244,1953,5284,12,11400.0,-inf,0.0,2,dataset/p_net/16-tree_[0.5-0.2]-cpu_[50-100]-max_cpu_None-bw_[200-400]-max_bw_None-seed_2,dataset/v_nets/200-[2-10]-random-500-0.04-cpu_[0-20]-bw_[0-50]-seed_2,20251106T081944,95.52880787849426
mcts,mcts_tree_seed_3,fixed_intermediate_0.1,[_status_aggr_degree_moretopo],0.53,0.2739370256644335,0.4304595066184361,1174.5276924483444,106,0,0,94,36267.0,14808.0,5490916.96219601,12755943.074253479,0.4083050707254529,4675.0,3.1674866310160428,7.75764705882353,7231,1719,5483,14,9400.0,-inf,0.0,3,dataset/p_net/16-tree_[0.5-0.2]-cpu_[50-100]-max_cpu_None-bw_[200-400]-max_bw_None-seed_3,dataset/v_nets/200-[2-10]-random-500-0.04-cpu_[0-20]-bw_[0-50]-seed_3,20251106T082122,97.17427897453308
mcts,mcts_tree_seed_4,fixed_intermediate_0.1,[_status_aggr_degree_moretopo],0.425,0.2201088196228208,0.38191822223289357,1433.4112054639804,85,0,0,115,29794.0,11347.0,6311309.537657906,16525290.416253751,0.3808484929851648,4403.0,2.577106518282989,6.766749943220532,7623,1838,5668,12,11500.0,-inf,0.0,4,dataset/p_net/16-tree_[0.5-0.2]-cpu_[50-100]-max_cpu_None-bw_[200-400]-max_bw_None-seed_4,dataset/v_nets/200-[2-10]-random-500-0.04-cpu_[0-20]-bw_[0-50]-seed_4,20251106T082302,101.96433305740356
mcts,mcts_fat_tree_seed_0,fixed_intermediate_0.1,[_status_aggr_degree_moretopo],0.565,0.19120978697572974,0.29110770853215095,1688.532952852574,113,0,0,87,60862.0,17221.0,7826350.23647168,26884723.44457794,0.2829515954125727,4635.0,3.7154261057173676,13.130960086299892,6726,417,6309,19,8700.0,-inf,0.0,0.5850943148136138,0.050839900970458984,1.5925772190093994,0.4080453667524068,0.30838487000591985,0.9444985362305038,0,dataset/p_net/16-fat_tree_[0.5-0.2]-cpu_[50-100]-max_cpu_None-bw_[200-400]-max_bw_None-seed_0,dataset/v_nets/200-[2-10]-random-500-0.04-cpu_[0-20]-bw_[0-50]-seed_0,20251116T100359,117.59760475158691
mcts,mcts_fat_tree_seed_1,fixed_intermediate_0.1,[_status_aggr_degree_moretopo],0.585,0.1929676951173245,0.29462933002704905,1225.4333989383283,117,0,0,83,66179.0,18633.0,5955606.3188402755,20213894.924492102,0.28155457169192644,4860.0,3.833950617283951,13.617078189300411,7879,611,7234,12,8300.0,-inf,0.0,0.6310279262065888,0.05877113342285156,1.6445119380950928,0.44317792154386854,0.33392342135437536,1.0498378908777812,1,dataset/p_net/16-fat_tree_[0.5-0.2]-cpu_[50-100]-max_cpu_None-bw_[200-400]-max_bw_None-seed_1,dataset/v_nets/200-[2-10]-random-500-0.04-cpu_[0-20]-bw_[0-50]-seed_1,20251116T100559,126.8453779220581
mcts,mcts_fat_tree_seed_2,fixed_intermediate_0.1,[_status_aggr_degree_moretopo],0.52,0.18205502818317118,0.2786516703528215,1825.3476003374162,104,0,0,96,56476.0,15880.0,8847459.818835456,31750966.38621628,0.28118138678376653,4847.0,3.2762533525892303,11.651743346399835,6150,565,5308,17,9600.0,-inf,0.0,0.7580433833599091,0.06697583198547363,2.723361015319824,0.5185960479673098,0.39313575625419617,1.153359979391098,2,dataset/p_net/16-fat_tree_[0.5-0.2]-cpu_[50-100]-max_cpu_None-bw_[200-400]-max_bw_None-seed_2,dataset/v_nets/200-[2-10]-random-500-0.04-cpu_[0-20]-bw_[0-50]-seed_2,20251116T100809,152.2423141002655
mcts,mcts_fat_tree_seed_3,fixed_intermediate_0.1,[_status_aggr_degree_moretopo],0.595,0.2128177845474326,0.2909240472309274,1688.4438099535705,119,0,0,81,63715.0,18219.0,7893474.811532943,27132424.72275701,0.28594522482931806,4675.0,3.8971122994652405,13.628877005347594,7203,432,6771,18,8100.0,-inf,0.0,0.8073003494739532,0.06841111183166504,2.259369134902954,0.6001268872438879,0.4221466268811907,1.3731434727892464,3,dataset/p_net/16-fat_tree_[0.5-0.2]-cpu_[50-100]-max_cpu_None-bw_[200-400]-max_bw_None-seed_3,dataset/v_nets/200-[2-10]-random-500-0.04-cpu_[0-20]-bw_[0-50]-seed_3,20251116T101045,162.26447892189026
mcts,mcts_fat_tree_seed_4,fixed_intermediate_0.1,[_status_aggr_degree_moretopo],0.52,0.18123594850676852,0.2766621383739709,1824.4101289550485,104,0,0,96,61568.0,16824.0,8032877.797789079,29034973.2890839,0.27325883575883575,4403.0,3.821031115148762,13.983193277310924,7758,577,7086,13,9600.0,-inf,0.0,0.7806955885887146,0.07159781455993652,2.322110891342163,0.5197343758321827,0.42452937364578247,1.1665423214435577,4,dataset/p_net/16-fat_tree_[0.5-0.2]-cpu_[50-100]-max_cpu_None-bw_[200-400]-max_bw_None-seed_4,dataset/v_nets/200-[2-10]-random-500-0.04-cpu_[0-20]-bw_[0-50]-seed_4,20251116T101331,156.98530983924866
mcts,mcts_high_load_seed_0,fixed_intermediate_0.1,[_status_aggr_degree_moretopo],0.045,0.01266372573399291,0.24823001514848692,615.3450413303246,9,0,0,191,10374.0,2811.0,1098390.8987746295,4424891.55921612,0.2709658762290341,1785.0,1.5747899159663865,5.811764705882353,6469,683,5786,4,19100.0,-inf,0.0,1.1488514494895936,0.24181604385375977,2.678049087524414,0.6587124315052988,0.33245417806837296,1.1873204308654626,0,dataset/p_net/16-tree_[0.5-0.2]-cpu_[50-100]-max_cpu_None-bw_[200-400]-max_bw_None-seed_0,dataset/v_nets/200-[5-15]-random-500-0.08-cpu_[5-30]-bw_[10-70]-seed_0,20251119T225844,230.35426497459412
mcts,mcts_high_load_seed_1,fixed_intermediate_0.1,[_status_aggr_degree_moretopo],0.045,0.013561083883894208,0.28912901923382694,684.3490277673695,9,0,0,191,8592.0,2481.0,1340639.745396277,4636821.820752842,0.2887569832402235,1959.0,1.2664624808575804,4.385911179173047,6677,878,5782,3,19100.0,-inf,0.0,1.3435282146930694,0.2659587860107422,3.9233269691467285,0.7576797214824148,0.4003840817345513,1.3879695612722667,1,dataset/p_net/16-tree_[0.5-0.2]-cpu_[50-100]-max_cpu_None-bw_[200-400]-max_bw_None-seed_1,dataset/v_nets/200-[5-15]-random-500-0.08-cpu_[5-30]-bw_[10-70]-seed_1,20251119T230237,269.29232478141785
mcts,mcts_high_load_seed_2,fixed_intermediate_0.1,[_status_aggr_degree_moretopo],0.035,0.009544824084570075,0.2710933739404088,610.5766226708554,7,0,0,193,7264.0,1951.0,1312129.1621196682,4840137.3410480255,0.2685848017621145,2149.0,0.9078641228478362,3.380176826430898,7449,985,6464,3,19300.0,-inf,0.0,1.3241070914268493,0.2540574073791504,3.0135929584503174,0.7297961604164667,0.38719643865312847,1.3580883068124248,2,dataset/p_net/16-tree_[0.5-0.2]-cpu_[50-100]-max_cpu_None-bw_[200-400]-max_bw_None-seed_2,dataset/v_nets/200-[5-15]-random-500-0.08-cpu_[5-30]-bw_[10-70]-seed_2,20251119T230708,265.34400510787964
mcts,mcts_high_load_seed_3,fixed_intermediate_0.1,[_status_aggr_degree_moretopo],0.07,0.019308868064547107,0.2548608159412765,1187.5119381288941,14,0,0,186,15924.0,4190.0,1609078.6761646515,6313558.521037638,0.2631248430042703,1355.0,3.092250922509225,11.752029520295203,6246,805,5431,4,18600.0,-inf,0.0,1.2075783538818359,0.25043392181396484,2.6473567485809326,0.7127711236311368,0.35018391268593924,1.2721134193481938,3,dataset/p_net/16-tree_[0.5-0.2]-cpu_[50-100]-max_cpu_None-bw_[200-400]-max_bw_None-seed_3,dataset/v_nets/200-[5-15]-random-500-0.08-cpu_[5-30]-bw_[10-70]-seed_3,20251119T231136,242.05834889411926
mcts,mcts_high_load_seed_4,fixed_intermediate_0.1,[_status_aggr_degree_moretopo],0.045,0.012451534115836943,0.271044163989373,742.6954892257007,9,0,0,191,10648.0,2838.0,1815890.4711568383,6699611.03175804,0.2665289256198347,2445.0,1.1607361963190184,4.355010224948876,7621,855,6703,3,19100.0,-inf,0.0,4.786082129478455,0.26174306869506836,696.6712079048157,49.17492930255875,0.3935493628184001,4.993060113247776,4,dataset/p_net/16-tree_[0.5-0.2]-cpu_[50-100]-max_cpu_None-bw_[200-400]-max_bw_None-seed_4,dataset/v_nets/200-[5-15]-random-500-0.08-cpu_[5-30]-bw_[10-70]-seed_4,20251119T231540,957.7215530872345
mcts,mcts_tight_seed_0,fixed_intermediate_0.1,[_status_aggr_degree_moretopo],0.27,0.09964241058302636,0.2930954015469285,576.8728849866363,54,0,0,146,16914.0,4987.0,2673805.8219130593,9122646.782586752,0.2948445075085728,4635.0,1.0759439050701187,3.649190938511327,2171,366,1741,10,14600.0,-inf,0.0,0.49318199634552,0.0490717887878418,1.2164487838745117,0.3519679966968554,0.1626220500027692,0.6154438943079074,0,dataset/p_net/16-tree_[0.5-0.2]-cpu_[30-60]-max_cpu_None-bw_[100-200]-max_bw_None-seed_0,dataset/v_nets/200-[2-10]-random-500-0.04-cpu_[0-20]-bw_[0-50]-seed_0,20251120T093523,99.00917601585388
mcts,mcts_tight_seed_1,fixed_intermediate_0.1,[_status_aggr_degree_moretopo],0.295,0.1062572453367796,0.2758765937599545,406.06356357364336,59,0,0,141,18517.0,5293.0,1973468.9189679066,7153448.185187684,0.28584543932602474,4860.0,1.0890946502057612,3.810082304526749,2501,505,1996,8,14100.0,-inf,0.0,0.5133357501029968,0.049386024475097656,1.2110240459442139,0.3575390038322479,0.1562588416923911,0.662750910359917,1,dataset/p_net/16-tree_[0.5-0.2]-cpu_[30-60]-max_cpu_None-bw_[100-200]-max_bw_None-seed_1,dataset/v_nets/200-[2-10]-random-500-0.04-cpu_[0-20]-bw_[0-50]-seed_1,20251120T093704,103.12554383277893
mcts,mcts_tight_seed_2,fixed_intermediate_0.1,[_status_aggr_degree_moretopo],0.29,0.11528345508398108,0.29785058772342266,616.3087008643004,58,0,0,142,19540.0,5909.0,2987248.273089264,10029351.615257364,0.30240532241555784,4847.0,1.21910460078399,4.031359603878688,2345,341,1967,9,14200.0,-inf,0.0,0.5404594230651856,0.04948782920837402,1.376556158065796,0.34933244950662806,0.19400130880290065,0.6819704838202033,2,dataset/p_net/16-tree_[0.5-0.2]-cpu_[30-60]-max_cpu_None-bw_[100-200]-max_bw_None-seed_2,dataset/v_nets/200-[2-10]-random-500-0.04-cpu_[0-20]-bw_[0-50]-seed_2,20251120T093849,108.58099794387817
mcts,mcts_tight_seed_3,fixed_intermediate_0.1,[_status_aggr_degree_moretopo],0.315,0.12968706193573784,0.3044084809559636,544.4644128482267,63,0,0,137,20293.0,5802.0,2545371.13006546,8361695.8439265,0.2859113980190213,4675.0,1.2410695187165774,4.340748663101604,2550,413,2133,9,13700.0,-inf,0.0,0.5919741475582123,0.051748037338256836,2.115208148956299,0.443116740213731,0.17310010819208055,0.7845950561718349,3,dataset/p_net/16-tree_[0.5-0.2]-cpu_[30-60]-max_cpu_None-bw_[100-200]-max_bw_None-seed_3,dataset/v_nets/200-[2-10]-random-500-0.04-cpu_[0-20]-bw_[0-50]-seed_3,20251120T094041,118.85374689102173
mcts,mcts_complex_seed_0,fixed_intermediate_0.1,[_status_aggr_degree_moretopo],0.0,0.0,nan,0.0,0,0,52,148,0,0,0,0,nan,4012.0,0.0,0.0,10495,1133,9362,0,14800.0,-inf,0.0,2.0990224540233613,0.6793179512023926,4.21697998046875,0.9232212381799889,0,2.0990224540233613,0,dataset/p_net/16-tree_[0.5-0.2]-cpu_[50-100]-max_cpu_None-bw_[200-400]-max_bw_None-seed_0,dataset/v_nets/200-[8-20]-random-1000-0.04-cpu_[10-40]-bw_[20-100]-seed_0,20251120T093556,420.28529596328735
mcts,mcts_tight_seed_4,fixed_intermediate_0.1,[_status_aggr_degree_moretopo],0.295,0.11919356806887584,0.2946308752791253,669.1990881654812,59,0,0,141,18662.0,5467.0,2946483.585192614,10000593.394705137,0.2929482370592648,4403.0,1.2416534181240064,4.238473767885533,2720,438,2272,9,14100.0,-inf,0.0,0.5618307101726532,0.05269980430603027,1.4372973442077637,0.37117856910121366,0.1651540327880342,0.7278159865250824,4,dataset/p_net/16-tree_[0.5-0.2]-cpu_[30-60]-max_cpu_None-bw_[100-200]-max_bw_None-seed_4,dataset/v_nets/200-[2-10]-random-500-0.04-cpu_[0-20]-bw_[0-50]-seed_4,20251120T094242,112.95115995407104
mcts,mcts_complex_seed_1,fixed_intermediate_0.1,[_status_aggr_degree_moretopo],0.0,0.0,nan,0.0,0,0,62,138,0,0,0,0,nan,4701.0,0.0,0.0,9881,1235,8646,0,13800.0,-inf,0.0,2.351977355480194,0.7560029029846191,3.6694440841674805,0.9352870004682814,0,2.351977355480194,1,dataset/p_net/16-tree_[0.5-0.2]-cpu_[50-100]-max_cpu_None-bw_[200-400]-max_bw_None-seed_1,dataset/v_nets/200-[8-20]-random-1000-0.04-cpu_[10-40]-bw_[20-100]-seed_1,20251120T094258,470.899178981781
mcts,mcts_complex_seed_2,fixed_intermediate_0.1,[_status_aggr_degree_moretopo],0.0,0.0,nan,0.0,0,0,66,134,0,0,0,0,nan,3756.0,0.0,0.0,10585,1285,9300,0,13400.0,-inf,0.0,2.4983751618862153,0.8150980472564697,4.518959045410156,0.9918295464072797,0,2.4983751618862153,2,dataset/p_net/16-tree_[0.5-0.2]-cpu_[50-100]-max_cpu_None-bw_[200-400]-max_bw_None-seed_2,dataset/v_nets/200-[8-20]-random-1000-0.04-cpu_[10-40]-bw_[20-100]-seed_2,20251120T095052,500.28885674476624
mcts,mcts_complex_seed_3,fixed_intermediate_0.1,[_status_aggr_degree_moretopo],0.0,0.0,nan,0.0,0,0,61,139,0,0,0,0,nan,4656.0,0.0,0.0,10503,1172,9331,0,13900.0,-inf,0.0,2.4393586134910583,0.6886568069458008,6.905524015426636,1.1295427953113701,0,2.4393586134910583,3,dataset/p_net/16-tree_[0.5-0.2]-cpu_[50-100]-max_cpu_None-bw_[200-400]-max_bw_None-seed_3,dataset/v_nets/200-[8-20]-random-1000-0.04-cpu_[10-40]-bw_[20-100]-seed_3,20251120T095915,488.4986729621887
mcts,mcts_complex_seed_4,fixed_intermediate_0.1,[_status_aggr_degree_moretopo],0.0,0.0,nan,0.0,0,0,57,143,0,0,0,0,nan,5050.0,0.0,0.0,10885,1170,9715,0,14300.0,-inf,0.0,2.52091713309288,0.7778608798980713,4.9785308837890625,0.9927352890921252,0,2.52091713309288,4,dataset/p_net/16-tree_[0.5-0.2]-cpu_[50-100]-max_cpu_None-bw_[200-400]-max_bw_None-seed_4,dataset/v_nets/200-[8-20]-random-1000-0.04-cpu_[10-40]-bw_[20-100]-seed_4,20251120T100726,504.79725193977356
mcts,Luisas-MacBook-Air.local-20251124T184837-8543,fixed_intermediate_0.1,[_status_aggr_degree_moretopo],0.395,0.13405726013179764,0.2696858514715072,981.7864960460233,79,0,0,121,35240.0,9650.0,4550580.409173318,16873634.20937229,0.27383654937570945,4635.0,2.081984897518878,7.60302049622438,5789,653,5098,12,12100.0,-inf,0.0,0.4925911009311676,0.046887874603271484,1.3462719917297363,0.348047678140496,0.20589349239687377,0.679773837081657,0,dataset/p_net/16-tree_[0.5-0.2]-cpu_[50-100]-max_cpu_None-bw_[200-400]-max_bw_None-seed_0,dataset/v_nets/200-[2-10]-random-500-0.04-cpu_[0-20]-bw_[0-50]-seed_0,20251124T184837,99.07553696632385
